query_entity_id,matched_entity_id,probability
S2-192345572,S1-549823613,0.9999679278184126
S2-884102769,S1-10991820,0.9999999951761186
S2-229677112,S1-186458942,0.9849478994512262
S2-375151053,S1-402022266,0.9893613412104536
S2-701289183,S1-253957104,0.9683411060269573
S2-504393659,S1-714865224,0.9999999951761186
S2-77137709,S1-748512881,0.9081036564049518
S2-357438552,S1-215048619,0.9990703988405067
S2-634571997,S1-294203187,0.9644745441410797
S2-560710588,S1-255955599,0.9839507022544072
S2-222871632,S1-447739304,0.9999985654188059
S2-166809876,S1-277841191,0.9847105219415038
S2-784442772,S1-498129880,0.963629815423596
S2-878037834,S1-910579604,0.9997427738413438
S2-416136682,S1-63383852,0.9999999951761186
S2-638268338,S1-289381231,0.9782533497637813
S2-378851466,S1-747716161,0.9946529412776851
S2-400190057,S1-337810189,0.9999999318776941
S2-934716922,S1-862655999,0.9187670736894523
S2-463756409,S1-7376085,0.9149195334726048
S2-449438476,S1-244969198,0.9999117228042526
S2-305637735,S1-764073912,0.9996993599610753
S2-412565852,S1-475993230,0.999995724727322
S2-823489243,S1-978162767,0.9999758763813531
S2-476476786,S1-101079757,0.9999753582466907
S2-592412285,S1-823490767,0.9835485581439493
S2-550697952,S1-360755041,0.9846232545230587
S2-160823657,S1-269812884,0.9242382124160063
S2-785042722,S1-496138982,0.989750166782412
S2-933865098,S1-341622716,0.9937180200792572
S2-919241341,S1-855976335,0.9519683599578128
S2-501534718,S1-894131768,0.9999989215598403
S2-491343764,S1-108003052,0.9999984823598049
S2-158086966,S1-686461962,0.9351820608376071
S2-647742770,S1-377015183,0.9999979988722513
S2-862000237,S1-225752,0.9999417599669842
S2-85144335,S1-924838995,0.9253676275036136
S2-519059543,S1-319603602,0.9821788706881385
S2-590554293,S1-171741134,0.9645169963610498
S2-425334082,S1-680999933,0.9821249696106155
S2-991288907,S1-227300625,0.9829247518742426
S2-91100310,S1-81529096,0.9590613590055799
S2-550625611,S1-962953961,0.9402995688101917
S2-968505057,S1-123498908,0.9895964314914687
S2-96867962,S1-776228876,0.900167422679458
S2-815181762,S1-408070635,0.9999876505396063
S2-886358300,S1-66778359,0.9999784684156581
S2-21907891,S1-892702558,0.973917195157812
S2-234200980,S1-179931843,0.9996884256002825
S2-439055696,S1-166617248,0.968495797620709
S2-343566512,S1-903490226,0.999999448109899
S2-975659148,S1-851005420,0.9946565492057431
S2-870175950,S1-245158027,0.9117209422137116
S2-649702926,S1-456266721,0.999373334984768
S2-313905133,S1-332787351,0.9894102094292607
S2-269204507,S1-976337360,0.9984032853247977
S2-470617752,S1-581518881,0.9485492082082889
S2-225002758,S1-959051148,0.9898193383935978
S2-390533432,S1-52725162,0.9883376239181726
S2-94145774,S1-180946787,0.9287587469316922
S2-530061167,S1-50469330,0.9999999951761186
S2-177873237,S1-752167600,0.9783552615357882
S2-543623385,S1-544251420,0.9536549052954878
S2-336821634,S1-687723997,0.9998917579081305
S2-595491693,S1-291519359,0.902267227977794
S2-365487618,S1-938816659,0.999496406473829
S2-342790091,S1-487230204,0.9999339544518898
S2-148614998,S1-336208058,0.9998877647281036
S2-388543405,S1-728835852,0.9843486752977206
S2-747996032,S1-835317588,0.9791717952256742
S2-750817241,S1-95841478,0.9643976492964693
S2-247144607,S1-440376982,0.956658810844725
S2-6860805,S1-680991117,0.9944122725336907
S2-54411910,S1-901187669,0.9886905988120049
S2-248821054,S1-357263435,0.9943356625482044
S2-753125951,S1-957716711,0.9788934945041328
S2-903065910,S1-942578401,0.9743518919453018
S2-846609706,S1-203628615,0.9786975567407332
S2-518383016,S1-944924953,0.9596282754514229
S2-199021860,S1-565784597,0.9896054397208143
S2-418963724,S1-316805242,0.9992680831791603
S2-867346039,S1-373550330,0.9887163658736071
S2-911310489,S1-49179837,0.9947673152253635
S2-153022216,S1-487772117,0.9899472605386334
S2-613647075,S1-378056192,0.9999885795506082
S2-845107728,S1-333833815,0.999999448109899
S2-384601270,S1-82485631,0.9827864977025185
S2-682253147,S1-286354895,0.9746166068745614
S2-410411373,S1-405404207,0.9924181781435715
S2-5009845,S1-432295437,0.9682774693799986
S2-193510687,S1-1032872,0.9898353041184786
S2-659544192,S1-877079194,0.9421619328406494
S2-507544755,S1-483075083,0.9999989210352145
S2-823495263,S1-231290557,0.9445982538005552
S2-857275799,S1-696873992,0.9996674574305257
S2-895906111,S1-674374719,0.9998298614076775
S2-518359538,S1-714173334,0.9999976351837928
S2-672191745,S1-427126846,0.9184881569629263
S2-731994682,S1-502974693,0.9732436839047109
S2-496421297,S1-665318527,0.9898827010437599
S2-393902595,S1-548425019,0.9947177781579549
S2-874952494,S1-866400159,0.9999784684156581
S2-245878292,S1-678837084,0.9133041898360247
S2-932162073,S1-542713547,0.9603152601891761
S2-6184028,S1-783774043,0.999980309220726
S2-489476783,S1-207958531,0.9592564116562607
S2-170192254,S1-111432109,0.9893177533023221
S2-871683148,S1-954104947,0.9949424818671453
S2-428495612,S1-526669771,0.9999422466723891
S2-188368209,S1-621969047,0.9999991720406354
S2-791264119,S1-326881773,0.9999256947290556
S2-577711295,S1-893692243,0.9647673642258826
S2-894301935,S1-839506920,0.9124319085573653
S2-64479721,S1-302350142,0.9115046714130606
S2-383876604,S1-889815238,0.9435417713949888
S2-958398768,S1-339093757,0.9998331653700302
S2-956952534,S1-235118668,0.9571112921808969
S2-59040544,S1-421664943,0.9997532301081371
S2-636355308,S1-402117689,0.9996322958560023
S2-951148549,S1-992664365,0.9139964059390452
S2-171518968,S1-847811146,0.9995897999806423
S2-676069227,S1-644867757,0.9899911912890782
S2-666211711,S1-733016361,0.99999503809411
S2-335659628,S1-472150802,0.9139045228252585
S2-80295737,S1-403991817,0.9799450126436916
S2-274269958,S1-314309444,0.9998921276484167
S2-313955120,S1-119724359,0.9290311465933431
S2-348424823,S1-717810708,0.9182601661350585
S2-412254468,S1-861538470,0.999273242363091
S2-562716881,S1-997393595,0.9999181632704791
S2-910843497,S1-932739209,0.9846833830303747
S2-233474561,S1-152113730,0.9030022504314968
S2-933321607,S1-843529759,0.9999989505342586
S2-975502236,S1-567618816,0.9999855798341484
S2-815721073,S1-423289359,0.9999980284273358
S2-205836707,S1-67128254,0.9057932567143127
S2-169727784,S1-647280651,0.9799816537118936
S2-484457398,S1-264287009,0.9999988042911394
S2-651193935,S1-384649034,0.9752098529785951
S2-972087927,S1-89100953,0.9092973984721104
S2-522665032,S1-546909751,0.9949417102727313
S2-383030202,S1-442522331,0.9484285421150599
S2-36390503,S1-47937156,0.9796911166720008
S2-267512484,S1-415921297,0.9999647323044779
S2-234992726,S1-411852665,0.973772669037338
S2-597634181,S1-467359403,0.988540407516298
S2-2920056,S1-705190025,0.9934497526912323
S2-346602286,S1-809500164,0.9898369702987888
S2-419031945,S1-773047896,0.9328006383838379
S2-442251246,S1-888709440,0.9998464191376071
S2-283264445,S1-904577120,0.9999757744664975
S2-737024848,S1-211400892,0.993593409478917
S2-974146456,S1-121740447,0.9544809342185436
S2-717201533,S1-353449546,0.9546479429771033
S2-722510752,S1-852851916,0.9891367181266076
S2-471800381,S1-755194509,0.9933565965884509
S2-199559681,S1-77674133,0.9944172839516112
S2-991545286,S1-239572530,0.9001840101097656
S2-441692657,S1-838639612,0.9999964101779946
S2-400493855,S1-452687490,0.9657852603281875
S2-31694455,S1-466140936,0.9999944577869462
S2-896940804,S1-442571272,0.9020207486812423
S2-813179630,S1-248171858,0.9831352744762251
S2-980552823,S1-790049316,0.9999988042911394
S2-342720491,S1-892988512,0.993276720093349
S2-929103679,S1-3048728,0.9747909606761318
S2-73196616,S1-332909138,0.9186883922415184
S2-906594195,S1-195055228,0.979225047206086
S2-696588819,S1-374614479,0.9934175437669132
S2-138331307,S1-910073224,0.9998239529064638
S2-595265518,S1-866320511,0.9999755457335233
S2-40876366,S1-297879192,0.9086072224914454
S2-827722721,S1-244300989,0.9746641053271203
S2-104187102,S1-736708333,0.9998148458161559
S2-974333160,S1-182388334,0.9832900026116239
S2-314240782,S1-69843118,0.9478121057921784
S2-613021953,S1-101767173,0.9847461902060769
S2-638119570,S1-138565561,0.9177082846276273
